4,Tue
4,Wed
4,Thu
4,Fri
4,Sat
4,Sun
5,Mon
5,Tue
5,Wed
5,Thu
5,Fri
5,Sat
5,Sun
5,Mon
5,Tue
5,Wed
5,Thu
5,Fri
5,Sat
5,Sun
5,Mon
5,Tue
5,Wed
5,Thu
5,Fri
5,Sat
5,Sun
5,Mon
5,Tue
5,Wed
5,Thu
5,Fri
5,Sat
5,Sun
6,Mon
6,Tue
6,Wed
6,Thu
6,Fri
6,Sat
6,Sun
6,Mon
6,Tue
6,Wed
6,Thu
6,Fri
6,Sat
6,Sun
6,Mon
6,Tue
6,Wed
6,Thu
6,Fri
6,Sat
6,Sun
6,Mon
6,Tue
6,Wed
6,Thu
6,Fri
6,Sat
6,Sun
7,Mon
7,Tue
7,Wed
7,Thu
7,Fri
7,Sat
7,Sun
7,Mon
7,Tue
7,Wed
7,Thu
7,Fri
7,Sat
7,Sun
7,Mon
7,Tue
7,Wed
7,Thu
7,Fri
7,Sat
7,Sun
7,Mon
7,Tue
7,Wed
7,Thu
7,Fri
7,Sat
7,Sun
7,Mon
7,Tue
7,Wed
7,Thu
7,Fri
7,Sat
7,Sun
8,Mon
8,Tue
8,Wed
8,Thu
8,Fri
8,Sat
8,Sun
8,Mon
8,Tue
8,Wed
8,Thu
8,Fri
8,Sat
8,Sun
8,Mon
8,Tue
8,Wed
8,Thu
8,Fri
8,Sat
8,Sun
8,Mon
8,Tue
8,Wed
8,Thu
8,Fri
8,Sat
8,Sun
9,Mon
9,Tue
9,Wed
9,Thu
9,Fri
9,Sat
9,Sun
9,Mon
9,Tue
9,Wed
9,Thu
9,Fri
9,Sat
9,Sun
9,Mon
9,Tue
9,Wed
9,Thu
9,Fri
9,Sat
9,Sun
9,Mon
9,Tue
9,Wed
9,Thu
9,Fri
9,Sat
9,Sun
10,Mon
10,Tue
10,Wed
10,Thu
10,Fri
10,Sat
10,Sun
10,Mon
10,Tue
10,Wed
10,Thu
10,Fri
10,Sat
10,Sun
10,Mon
10,Tue
10,Wed
10,Thu
10,Fri
10,Sat
10,Sun
10,Mon
10,Tue
10,Wed
10,Thu
10,Fri
10,Sat
10,Sun
10,Mon
10,Tue
10,Wed
10,Thu
10,Fri
10,Sat
10,Sun
11,Mon
11,Tue
11,Wed
11,Thu
11,Fri
11,Sat
11,Sun
11,Mon
11,Tue
11,Wed
11,Thu
11,Fri
11,Sat
11,Sun
11,Mon
11,Tue
11,Wed
11,Thu
11,Fri
11,Sat
11,Sun
11,Mon
11,Tue
11,Wed
11,Thu
11,Fri
11,Sat
11,Sun
12,Mon
12,Tue
12,Wed
12,Thu
12,Fri
12,Sat
12,Sun
12,Mon
12,Tue
12,Wed
12,Thu
12,Fri
12,Sat
12,Sun
12,Mon
12,Tue
12,Wed
12,Thu
12,Fri
12,Sat
12,Sun
12,Mon
12,Tue
12,Wed
12,Thu
12,Fri
12,Sat
13,Sun
13,Mon
13,Tue
13,Wed
13,Thu
13,Fri
13,Sat
13,Sun
13,Mon
13,Tue
13,Wed
13,Thu
13,Fri
13,Sat
13,Sun
1,Mon
1,Tue
1,Wed
1,Thu
1,Fri
1,Sat
1,Sun
1,Mon
1,Tue
1,Wed
1,Thu
1,Fri
1,Sat
1,Sun
1,Mon
1,Tue
1,Wed
1,Thu
1,Fri
1,Sat
1,Sun
None,Mon
None,Tue
None,Wed
None,Thu
None,Fri
None,Sat
None,Sun
None,Mon
None,Tue
None,Wed
None,Thu
None,Fri
None,Sat
None,Sun
None,Mon
None,Tue
None,Wed
None,Thu
None,Fri
None,Sat
None,Sun
None,Mon
None,Tue
None,Wed
None,Thu
2,Fri
2,Sat
2,Sun
None,Mon
None,Tue
None,Wed
None,Thu
None,Fri
None,Sat
None,Sun
None,Mon
None,Tue
None,Wed
None,Thu
None,Fri
None,Sat
None,Sun
None,Mon
None,Tue
None,Wed
None,Thu
None,Fri
None,Sat
None,Sun
None,Mon
None,Tue
None,Wed
None,Thu
None,Fri
None,Sat
3,Sun
None,Mon
None,Tue
None,Wed
None,Thu
None,Fri
None,Sat
None,Sun
None,Mon
None,Tue
None,Wed
None,Thu
None,Fri
None,Sat
None,Sun
None,Mon
None,Tue
None,Wed
None,Thu
None,Fri
None,Sat
None,Sun
None,Mon
None,Tue
None,Wed
None,Thu
None,Fri
None,Sat
None,Sun
None,Mon
None,Tue
4,Wed
4,Thu
4,Fri
4,Sat
4,Sun
5,Mon
5,Tue
5,Wed
5,Thu
5,Fri
5,Sat
5,Sun
5,Mon
5,Tue
5,Wed
5,Thu
5,Fri
5,Sat
5,Sun
5,Mon
5,Tue
5,Wed
5,Thu
5,Fri
5,Sat
5,Sun
5,Mon
5,Tue
5,Wed
5,Thu
5,Fri
5,Sat
5,Sun
6,Mon
6,Tue
6,Wed
6,Thu
6,Fri
6,Sat
6,Sun
6,Mon
6,Tue
6,Wed
6,Thu
6,Fri
6,Sat
6,Sun
6,Mon
6,Tue
6,Wed
6,Thu
6,Fri
6,Sat
6,Sun
6,Mon
6,Tue
6,Wed
6,Thu
6,Fri
6,Sat
6,Sun
7,Mon
7,Tue
7,Wed
7,Thu
7,Fri
7,Sat
7,Sun
7,Mon
7,Tue
7,Wed
7,Thu
7,Fri
7,Sat
7,Sun
7,Mon
7,Tue
7,Wed
7,Thu
7,Fri
7,Sat
7,Sun
7,Mon
7,Tue
7,Wed
7,Thu
7,Fri
7,Sat
7,Sun
7,Mon
7,Tue
7,Wed
7,Thu
7,Fri
7,Sat
7,Sun
8,Mon
8,Tue
8,Wed
8,Thu
8,Fri
8,Sat
8,Sun
8,Mon
8,Tue
8,Wed
8,Thu
8,Fri
8,Sat
8,Sun
8,Mon
8,Tue
8,Wed
8,Thu
8,Fri
8,Sat
8,Sun
8,Mon
8,Tue
8,Wed
8,Thu
8,Fri
8,Sat
8,Sun
9,Mon
9,Tue
9,Wed
9,Thu
9,Fri
9,Sat
9,Sun
9,Mon
9,Tue
9,Wed
9,Thu
9,Fri
9,Sat
9,Sun
9,Mon
9,Tue
9,Wed
9,Thu
9,Fri
9,Sat
9,Sun
9,Mon
9,Tue
9,Wed
9,Thu
9,Fri
9,Sat
9,Sun
9,Mon
9,Tue
9,Wed
9,Thu
9,Fri
9,Sat
9,Sun
10,Mon
10,Tue
10,Wed
10,Thu
10,Fri
10,Sat
10,Sun
10,Mon
10,Tue
10,Wed
10,Thu
10,Fri
10,Sat
10,Sun
10,Mon
10,Tue
10,Wed
10,Thu
10,Fri
10,Sat
10,Sun
10,Mon
10,Tue
10,Wed
10,Thu
10,Fri
10,Sat
10,Sun
11,Mon
11,Tue
11,Wed
11,Thu
11,Fri
11,Sat
11,Sun
11,Mon
11,Tue
11,Wed
11,Thu
11,Fri
11,Sat
11,Sun
11,Mon
11,Tue
11,Wed
11,Thu
11,Fri
11,Sat
11,Sun
11,Mon
11,Tue
11,Wed
11,Thu
11,Fri
11,Sat
11,Sun
12,Mon
12,Tue
12,Wed
12,Thu
12,Fri
12,Sat
12,Sun
12,Mon
12,Tue
12,Wed
12,Thu
12,Fri
12,Sat
12,Sun
12,Mon
12,Tue
12,Wed
12,Thu
12,Fri
12,Sat
12,Sun
12,Mon
12,Tue
12,Wed
12,Thu
12,Fri
12,Sat
12,Sun
12,Mon
13,Tue
13,Wed
13,Thu
13,Fri
13,Sat
13,Sun
13,Mon
13,Tue
13,Wed
13,Thu
13,Fri
13,Sat
13,Sun
13,Mon
13,Tue
13,Wed
13,Thu
13,Fri
13,Sat
13,Sun
1,Mon
1,Tue
1,Wed
1,Thu
1,Fri
1,Sat
1,Sun
1,Mon
1,Tue
1,Wed
1,Thu
1,Fri
1,Sat
1,Sun
None,Mon
None,Tue
None,Wed
None,Thu
None,Fri
None,Sat
None,Sun
None,Mon
None,Tue
None,Wed
None,Thu
None,Fri
None,Sat
None,Sun
None,Mon
None,Tue
None,Wed
None,Thu
None,Fri
None,Sat
None,Sun
None,Mon
None,Tue
None,Wed
None,Thu
None,Fri
None,Sat
2,Sun
None,Mon
None,Tue
None,Wed
None,Thu
None,Fri
None,Sat
None,Sun
None,Mon
None,Tue
None,Wed
None,Thu
None,Fri
None,Sat
None,Sun
None,Mon
None,Tue
None,Wed
None,Thu
None,Fri
None,Sat
None,Sun
None,Mon
None,Tue
None,Wed
None,Thu
None,Fri
None,Sat
None,Sun
None,Mon
3,Tue
3,Wed
3,Thu
3,Fri
3,Sat
3,Sun
None,Mon
None,Tue
None,Wed
None,Thu
None,Fri
None,Sat
None,Sun
None,Mon
None,Tue
None,Wed
None,Thu
None,Fri
None,Sat
None,Sun
None,Mon
None,Tue
None,Wed
None,Thu
None,Fri
None,Sat
None,Sun
None,Mon
None,Tue
None,Wed
None,Thu
